"o","tumor","lifespan","mean"
-2,6.3440106857403e-08,0.000257840055736814,0.000128951747921836
-1.99,5.89328354862915e-08,0.000251914388541398,0.000125986660688442
-1.98,5.46890256655951e-08,0.000246073256401829,0.000123063972713747
-1.97,5.06971325016468e-08,0.000240316552400422,0.000120183624766462
-1.96,4.69459009650424e-08,0.000234644154432511,0.000117345550166738
-1.95,4.34243681341116e-08,0.000229055925049904,0.000114549674709019
-1.94,4.0121865079097e-08,0.000223551711309831,0.000111795916587455
-1.93,3.70280183810049e-08,0.000218131344629593,0.000109084186323987
-1.92,3.41327512799659e-08,0.000212794640647336,0.000106414386699308
-1.91,3.14262844487639e-08,0.000207541399089205,0.000103786412686827
-1.9,2.88991363880783e-08,0.000202371403643236,0.000101200151389812
-1.89,2.65421234408818e-08,0.000197284421840282,9.86554819818613e-05
-1.88,2.43463594244607e-08,0.000192280204942326,9.61522756508753e-05
-1.87,2.23032548794673e-08,0.000187358487838585,9.36903955467323e-05
-1.86,2.04045159364966e-08,0.000182518988949627,9.12696967327816e-05
-1.85,1.86421428017212e-08,0.000177761410139942,8.88900261413719e-05
-1.84,1.70084278642415e-08,0.000173085436639327,8.65512225335955e-05
-1.83,1.54959534288924e-08,0.000168490736973341,8.42531164633849e-05
-1.82,1.40975890794439e-08,0.00016397696290335,8.19955302462146e-05
-1.81,1.28064886782153e-08,0.000159543749376325,7.97782779325017e-05
-1.8,1.16160870093676e-08,0.000155190714484957,7.76011652859832e-05
-1.79,1.05200960742312e-08,0.000150917459438291,7.54639897671824e-05
-1.78,9.51250104825016e-09,0.000146723568543336,7.33665405221921e-05
-1.77,8.58755591023941e-09,0.000142608609197971,7.13085983769408e-05
-1.76,7.73977875582689e-09,0.000138572131895535,6.92899358371454e-05
-1.75,6.96394680804352e-09,0.000134613670241432,6.73103170941203e-05
-1.74,6.25509113913474e-09,0.000130732740982137,6.53694980366382e-05
-1.73,5.60849111871796e-09,0.00012692884404693,6.34672262690246e-05
-1.72,5.01966860441461e-09,0.000123201462602748,6.16032411356762e-05
-1.71,4.48438189205334e-09,0.000119550063122418,5.9777273752155e-05
-1.7,3.99861944343962e-09,0.000115974095466718,5.79890470430808e-05
-1.69,3.5585934105241e-09,0.000112472992980504,5.62382757869571e-05
-1.68,3.16073297556102e-09,0.000109046172603269,5.45246666681223e-05
-1.67,2.80167752753079e-09,0.000105693034994436,5.28479183359818e-05
-1.66,2.47826969569772e-09,0.000102412964673693,5.12077214716941e-05
-1.65,2.18754826166771e-09,9.92053301766317e-05,4.96037588624467e-05
-1.64,1.92674097171241e-09,9.60694842260154e-05,4.80357054834935e-05
-1.63,1.69325727142131e-09,9.30047639188921e-05,4.65032285880818e-05
-1.62,1.48468098492056e-09,9.0010490929818e-05,4.50059878054014e-05
-1.61,1.29876296096775e-09,8.70859717304219e-05,4.35436352466915e-05
-1.6,1.13341370817697e-09,8.42304978255201e-05,4.21158156196141e-05
-1.59,9.86696041455672e-10,8.14433460059724e-05,4.07221663510069e-05
-1.58,8.56817761435556e-10,7.87237786184367e-05,3.9362317718099e-05
-1.57,7.421243882612e-10,7.6071043852193e-05,3.80358929882906e-05
-1.56,6.41091970551121e-10,7.3484376043138e-05,3.67425085675543e-05
-1.55,5.52319989682903e-10,7.09629959950531e-05,3.54817741575214e-05
-1.54,4.74524378764199e-10,6.85061113182288e-05,3.42532929213038e-05
-1.53,4.06530674752377e-10,6.61129167854529e-05,3.30566616580638e-05
-1.52,3.47267321172656e-10,6.37825947054207e-05,3.18914709863709e-05
-1.51,2.95759137770565e-10,6.15143153134917e-05,3.07573055363147e-05
-1.5,2.5112097222368e-10,5.93072371797853e-05,2.96537441503788e-05
-1.49,2.12551547740287e-10,5.71605076344986e-05,2.85803600930232e-05
-1.48,1.79327518999718e-10,5.50732632103174e-05,2.75367212689182e-05
-1.47,1.50797747448997e-10,5.30446301017839e-05,2.65223904497657e-05
-1.46,1.26377805479167e-10,5.10737246413788e-05,2.55369255095921e-05
-1.45,1.05544717471511e-10,4.91596537921125e-05,2.4579879668415e-05
-1.44,8.78319441451474e-11,4.73015156563106e-05,2.36508017441274e-05
-1.43,7.28246150662115e-11,4.549840000028e-05,2.27492364124475e-05
-1.42,6.01550126096382e-11,4.37493887944821e-05,2.18747244747474e-05
-1.41,4.94983091128519e-11,4.2053556768791e-05,2.102680313355e-05
-1.4,4.05685574403433e-11,4.04099719823758e-05,2.02050062754666e-05
-1.39,3.31149337043292e-11,3.88176964077e-05,1.94088647613169e-05
-1.38,2.69182294729775e-11,3.72757865280749e-05,1.86379067231522e-05
-1.37,2.17875894575491e-11,3.5783293948167e-05,1.78916578678782e-05
-1.36,1.75574894154446e-11,3.4339266016804e-05,1.71696417871467e-05
-1.35,1.40849478488971e-11,3.29427464613822e-05,1.6471380273165e-05
-1.34,1.12469640285864e-11,3.159277603312e-05,1.5796393640042e-05
-1.33,8.9381739363091e-12,3.02883931623723e-05,1.51442010502731e-05
-1.32,7.06871490753273e-12,2.90286346231492e-05,1.4514320845932e-05
-1.31,5.56228906809223e-12,2.78125362059644e-05,1.39062708841267e-05
-1.3,4.35441510246984e-12,2.66391333980664e-05,1.33195688762408e-05
-1.29,3.39085746502253e-12,2.5507462070089e-05,1.27537327304732e-05
-1.28,2.62622184924901e-12,2.44165591680867e-05,1.22082808971543e-05
-1.27,2.02270556092508e-12,2.33654634099134e-05,1.16827327163095e-05
-1.26,1.54899139392461e-12,2.23532159848376e-05,1.11766087669145e-05
-1.25,1.17927367636322e-12,2.13788612552671e-05,1.06894312172704e-05
-1.24,8.92405331354569e-13,2.0441447459426e-05,1.02207241759157e-05
-1.23,6.71155071706167e-13,1.95400274137945e-05,9.77001404247477e-06
-1.22,5.01564210761009e-13,1.86736592141e-05,9.33682985783212e-06
-1.21,3.72393010820395e-13,1.78414069336276e-05,8.92070365301031e-06
-1.2,2.74646994034602e-13,1.70423413176144e-05,8.52117079613069e-06
-1.19,2.01174195844463e-13,1.62755404724637e-05,8.13777033681897e-06
-1.18,1.46324935438728e-13,1.55400905485381e-05,7.77004534743154e-06
-1.17,1.05666298910562e-13,1.48350864152695e-05,7.41754326046788e-06
-1.16,7.57441669680706e-14,1.4159632327357e-05,7.0798162015506e-06
-1.15,5.38862590097428e-14,1.35128425808259e-05,6.75642131735608e-06
-1.14,3.80402988683689e-14,1.28938421577567e-05,6.44692109789849e-06
-1.13,2.66420254044486e-14,1.23017673585286e-05,6.1508836925853e-06
-1.12,1.85083654752867e-14,1.17357664204617e-05,5.86788321948502e-06
-1.11,1.275165101835e-14,1.11950001218021e-05,5.59750006727687e-06
-1.1,8.71129083481783e-15,1.06786423700577e-05,5.33932118938448e-06
-1.09,5.8997972723382e-15,1.0185880773768e-05,5.09294038983391e-06
-1.08,3.9605158389321e-15,9.71591719688434e-06,4.85795860042243e-06
-1.07,2.63481052926214e-15,9.26796829503441e-06,4.63398414883461e-06
-1.06,1.73681913754034e-15,8.84126603306253e-06,4.42063301739967e-06
-1.05,1.13421188906309e-15,8.43505818336661e-06,4.21752909225041e-06
-1.04,7.33665004666723e-16,8.04860880469829e-06,4.02430440271598e-06
-1.03,4.70000653234563e-16,7.68119870125421e-06,3.84059935086211e-06
-1.02,2.9814898801218e-16,7.33212586206732e-06,3.66606293118274e-06
-1.01,1.87259789190853e-16,7.00070588089933e-06,3.50035294054329e-06
-1,1.16434028163514e-16,6.6862723570654e-06,3.34313617859092e-06
-0.99,7.16628668008879e-17,6.38817727784761e-06,3.19408863895964e-06
-0.98,4.36565896456054e-17,6.10579138343015e-06,3.0528956917369e-06
-0.97,2.63219684900653e-17,5.8385045155696e-06,2.91925225779796e-06
-0.96,1.57065850447204e-17,5.58572595153513e-06,2.79286297577542e-06
-0.95,9.27542360691464e-18,5.34688472519878e-06,2.67344236260403e-06
-0.94,5.42102549283708e-18,5.12142993753759e-06,2.56071496877151e-06
-0.93,3.1357912721621e-18,4.90883105922579e-06,2.45441552961446e-06
-0.92,1.79543705453193e-18,4.70857822845831e-06,2.35428911423005e-06
-0.91,1.01767479047935e-18,4.5201825476464e-06,2.26009127382371e-06
-0.9,5.71141144460097e-19,4.343176383188e-06,2.17158819159428e-06
-0.89,3.17451234575306e-19,4.1771136731286e-06,2.08855683656446e-06
-0.88,1.74799251434465e-19,4.02157024820928e-06,2.01078512410473e-06
-0.87,9.53871576022121e-20,3.87614417255375e-06,1.93807208627692e-06
-0.86,5.16081931953949e-20,3.74045611108951e-06,1.87022805554478e-06
-0.85,2.76981744884496e-20,3.61414973173232e-06,1.80707486586617e-06
-0.84,1.4755381368511e-20,3.49689215141489e-06,1.74844607570745e-06
-0.83,7.80765036883309e-21,3.38837443621514e-06,1.69418721810757e-06
-0.82,4.10684781665243e-21,3.28831216716071e-06,1.64415608358036e-06
-0.81,2.14936405610383e-21,3.19644608477745e-06,1.59822304238872e-06
-0.8,1.12039123831384e-21,3.11254282712829e-06,1.55627141356415e-06
-0.79,5.82354149536535e-22,3.03639577799638e-06,1.51819788899819e-06
-0.78,3.02218003568189e-22,2.96782604401958e-06,1.48391302200979e-06
-0.77,1.56816277334459e-22,2.90668358203865e-06,1.45334179101932e-06
-0.76,8.14878407821785e-23,2.852848500707e-06,1.4264242503535e-06
-0.75,4.24814757113659e-23,2.80623256358629e-06,1.40311628179315e-06
-0.74,2.22628150255879e-23,2.76678092457312e-06,1.38339046228656e-06
-0.73,1.17547924976261e-23,2.73447413063414e-06,1.36723706531707e-06
-0.72,6.26931718234423e-24,2.7093304315463e-06,1.35466521577315e-06
-0.71,3.38747577024108e-24,2.6914084417297e-06,1.34570422086485e-06
-0.7,1.86063982784484e-24,2.68081020542505e-06,1.34040510271252e-06
-0.69,1.04303068279142e-24,2.67768472350878e-06,1.33884236175439e-06
-0.68,5.99488551444274e-25,2.68223200829327e-06,1.34111600414664e-06
-0.67,3.55172150475467e-25,2.69470774185898e-06,1.34735387092949e-06
-0.66,2.18252806101976e-25,2.71542862397881e-06,1.35771431198941e-06
-0.65,1.4009591808221e-25,2.74477850769853e-06,1.37238925384927e-06
-0.64,9.46945670939039e-26,2.78321543433719e-06,1.39160771716859e-06
-0.63,6.80061257308338e-26,2.83127969529547e-06,1.41563984764773e-06
-0.62,5.24021269418766e-26,2.88960306586325e-06,1.44480153293163e-06
-0.61,4.3780255856913e-26,2.95891937648591e-06,1.47945968824296e-06
-0.6,4.00936435587553e-26,3.04007660999843e-06,1.52003830499922e-06
-0.59,4.06931235697833e-26,3.1340507395197e-06,1.56702536975985e-06
-0.58,4.6264703364276e-26,3.2419615514053e-06,1.62098077570265e-06
-0.57,5.95020974632763e-26,3.36509073131082e-06,1.68254536565541e-06
-0.56,8.73041198260765e-26,3.50490252949414e-06,1.75245126474707e-06
-0.55,1.47087615040976e-25,3.66306736449388e-06,1.83153368224694e-06
-0.54,2.8569568065044e-25,3.84148877282019e-06,1.9207443864101e-06
-0.53,6.40489008431999e-25,4.04233416689019e-06,2.0211670834451e-06
-0.52,1.6539627469027e-24,4.26806992478466e-06,2.13403496239233e-06
-0.51,4.89407313694284e-24,4.52150140418853e-06,2.26075070209426e-06
-0.5,1.64561680514968e-23,4.80581854984922e-06,2.40290927492461e-06
-0.49,6.21854288138233e-23,5.12464784982697e-06,2.56232392491348e-06
-0.48,2.60593616047749e-22,5.4821114915358e-06,2.7410557457679e-06
-0.47,1.19306024137103e-21,5.88289467493588e-06,2.94144733746794e-06
-0.46,5.87323577687995e-21,6.33232215810386e-06,3.16616107905193e-06
-0.45,3.05893242935057e-20,6.83644524067212e-06,3.41822262033607e-06
-0.44,1.6589068509427e-19,7.40214053414773e-06,3.70107026707395e-06
-0.43,9.22668679054933e-19,8.03722202578108e-06,4.018611012891e-06
-0.42,5.18966027324753e-18,8.75056811525463e-06,4.37528405762991e-06
-0.41,2.91466360090467e-17,9.55226549175895e-06,4.77613274589405e-06
-0.4,1.61631768963538e-16,1.04537719236773e-05,5.22688596191949e-06
-0.39,8.76493150443278e-16,1.14681002546407e-05,5.73405012775859e-06
-0.38,4.60996525128979e-15,1.26100261384926e-05,6.30501307155126e-06
-0.37,2.33578331336185e-14,1.38963223018918e-05,6.94816116262481e-06
-0.36,1.13390948126315e-13,1.53460223967382e-05,7.67301125506457e-06
-0.35,5.25136056938619e-13,1.698071779493e-05,8.49035916003304e-06
-0.34,2.31261490224853e-12,1.88248909843555e-05,9.41244664848518e-06
-0.33,9.66184031159721e-12,2.09062895462009e-05,1.04531496040206e-05
-0.32,3.82358524299284e-11,2.32563450279282e-05,1.16281916318903e-05
-0.31,1.43204768848378e-10,2.5910641371261e-05,1.29553922880149e-05
-0.3,5.07443713302559e-10,2.89094379072045e-05,1.44549726754589e-05
-0.29,1.7015147286407e-09,3.22982522868446e-05,1.61499769007866e-05
-0.28,5.4018769027083e-09,3.61285090727615e-05,1.80669554748321e-05
-0.27,1.62516345097044e-08,4.04582600659755e-05,2.02372558502426e-05
-0.26,4.63859443070813e-08,4.53529827809733e-05,2.26996843626402e-05
-0.25,1.25774970158961e-07,5.08864637990195e-05,2.55061193845892e-05
-0.24,3.24466410857984e-07,5.71417740191772e-05,2.87331202150176e-05
-0.23,7.97650833196796e-07,6.42123430774199e-05,3.25049969553084e-05
-0.22,1.87179980285379e-06,7.22031404061715e-05,3.70374701045126e-05
-0.21,4.20019285206444e-06,8.12319705473696e-05,4.2716081699717e-05
-0.2,9.02850078757042e-06,9.14308903986724e-05,5.02296955931214e-05
-0.19,1.86241700980595e-05,0.00010294775605026,6.078596307416e-05
-0.18,3.69342534337156e-05,0.000115947906743573,7.64410800886445e-05
-0.17,7.05409298773534e-05,0.000130615993237072,0.000100578461557213
-0.16,0.000129977532106521,0.000147157957480658,0.00013856774479359
-0.15,0.000231446237605703,0.000165803169962372,0.000198624703784038
-0.14,0.000398939396275496,0.000186806730380683,0.000292873063328089
-0.13,0.000666710683447634,0.000210451936395379,0.000438581309921507
-0.12,0.00108197478212205,0.000237052924102695,0.000659513853112373
-0.11,0.001707643824027,0.000266957482549671,0.000987300653288335
-0.1,0.00262484670389689,0.000300550043033716,0.0014626983734653
-0.09,0.00393493558637224,0.000338254842113269,0.00213659521424275
-0.08,0.00576067261439348,0.000380539255173966,0.00307060593478372
-0.07,0.00824631515824327,0.000427917295044091,0.00433711622664368
-0.06,0.0115563805975616,0.000480953267530795,0.0060186669325462
-0.05,0.0158729664378488,0.000540265572854826,0.00820661600535181
-0.04,0.0213916182922864,0.000606530638803161,0.0109990744655448
-0.03,0.0283158633241017,0.000680486968008105,0.0144981751460549
-0.02,0.0368506454569672,0.00076293927811601,0.0188067923675416
-0.01,0.0471949975223555,0.000854762709755916,0.0240248801160557
0,0.0595343541121726,0.000956907073189203,0.0302456305926809
0.01,0.0740329411323531,0.00107040110035861,0.0375516711163559
0.02,0.0908266725109707,0.00119635666480689,0.0460115145878888
0.03,0.110016944179852,0.00133597292765892,0.0556764585537555
0.04,0.131665646764073,0.00149054036362206,0.0665780935638475
0.05,0.155791630045984,0.0016614446168312,0.0787265373314076
0.06,0.182368753785255,0.00185017013242499,0.09210946195884
0.07,0.211325560134798,0.00205830350607743,0.106691931820438
0.08,0.2425465107087,0.0022875364904138,0.122417023599557
0.09,0.275874652487144,0.00253966859440543,0.139207160540775
0.1,0.311115515208115,0.00281660920956554,0.15696606220884
0.11,0.348042000597004,0.00312037919515014,0.175581189896077
0.12,0.386400000748991,0.00345311185370582,0.194926556301348
0.13,0.425914477719954,0.00381705322828296,0.214865765474118
0.14,0.466295746357064,0.00421456165354481,0.235255154005304
0.15,0.507245724436414,0.0046481064949147,0.255946915465664
0.16,0.548463944872744,0.00512026601288933,0.276792105442817
0.17,0.589653160805907,0.0056337242937463,0.297643442549827
0.18,0.630524412757221,0.00619126719313524,0.318357839975178
0.19,0.670801465258479,0.00679577724546341,0.338798621251971
0.2,0.710224556395967,0.00745022749958039,0.358837391947774
0.21,0.748553436153307,0.00815767424998859,0.378355555201648
0.22,0.785569697355054,0.00892124864261533,0.397245472998835
0.23,0.821078425954518,0.00974414714500406,0.415411286549761
0.24,0.854909215277212,0.0106296208825016,0.432769418079857
0.25,0.886916601833773,0.0115809638545417,0.449248782844157
0.26,0.916979988858113,0.012601500058264,0.464790744458189
0.27,0.945003128347173,0.0136945695603368,0.479348848953755
0.28,0.970913233689065,0.0148635135717585,0.492888373630412
0.29,0.994659793595096,0.0161116585943902,0.505385726094743
0.3,1.01621315460397,0.0174422997218359,0.516827727162903
0.31,1.03556293446943,0.0188586831907734,0.527210808830102
0.32,1.05271632277258,0.0203639882917489,0.536540155532164
0.33,1.06769631854591,0.021961308760542,0.544828813653226
0.34,1.08053994791121,0.0236536337822663,0.552096790846738
0.35,1.09129649799666,0.0254438287501701,0.558370163373415
0.36,1.10002579693132,0.0273346159294724,0.563680206430396
0.37,1.1067965636575,0.0293285551832842,0.568062559420392
0.38,1.11168484577808,0.0314280249226441,0.571556435350362
0.39,1.11477255870452,0.0336352034457116,0.574203881075116
0.4,1.11614613503664,0.0359520508322302,0.576049092934435
0.41,1.1158952893745,0.038380291558343,0.577137790466421
0.42,1.11411190061789,0.0409213979937098,0.5775166493058
0.43,1.11088901122022,0.0435765749377138,0.577232793078967
0.44,1.10631994077306,0.0463467453442788,0.576333343058669
0.45,1.10049750966894,0.0492325373756481,0.574865023522294
0.46,1.0935133673593,0.0522342729144374,0.572873820136869
0.47,1.08545741884513,0.0553519576505707,0.57040468824785
0.48,1.0764173424553,0.0585852728454671,0.567501307650384
0.49,1.0664781916377,0.0619335688603144,0.564205880249007
0.5,1.05572207335975,0.0653958605186473,0.560558966939199
0.51,1.04422789575987,0.0689708243559773,0.556599360057924
0.52,1.03207117785938,0.0726567977911893,0.552363987825285
0.53,1.01932391442093,0.0764517802359884,0.547887847328459
0.54,1.00605448938123,0.0803534361403161,0.543203962760773
0.55,0.992327631688155,0.0843590999533096,0.538343365820732
0.56,0.978204407799813,0.0884657829616002,0.533335095380707
0.57,0.963742245552274,0.0926701819496415,0.528206213750958
0.58,0.948994984554856,0.0969686896104224,0.522981837082639
0.59,0.934012948721753,0.101357406619877,0.517685177670815
0.6,0.918843036982394,0.105832155274363,0.512337596128378
0.61,0.903528828632111,0.110388494578151,0.506958661605131
0.62,0.888110700180537,0.115021736656989,0.501566218418763
0.63,0.87262595092558,0.119726964364491,0.496176457645036
0.64,0.857108934826908,0.124499049940625,0.490803992383767
0.65,0.841591196568361,0.129332674575689,0.485461935572025
0.66,0.826101609992758,0.134222348729135,0.480161979360946
0.67,0.810666517352247,0.139162433050304,0.474914475201275
0.68,0.795309868060326,0.144147159747448,0.469728513903887
0.69,0.780053355840955,0.149170654252413,0.464612005046684
0.7,0.764916553364122,0.154226957030911,0.459571755197517
0.71,0.749917043624736,0.159310045392229,0.454613544508482
0.72,0.735070547469703,0.164413855157483,0.449742201313593
0.73,0.720391046810983,0.169532302051989,0.444961674431486
0.74,0.705890903173737,0.174659302694822,0.44027510293428
0.75,0.691580971327941,0.17978879506695,0.435684883197445
0.76,0.67747070783645,0.184914758348528,0.431192733092489
0.77,0.663568274424201,0.1900312320256,0.426799753224901
0.78,0.649880636134707,0.195132334176645,0.422506485155676
0.79,0.636413654290743,0.200212278859855,0.418312966575299
0.8,0.623172174319014,0.205265392532684,0.414218783425849
0.81,0.610160108532773,0.210286129445812,0.410223118989293
0.82,0.59738051399555,0.215269085964325,0.406324799979937
0.83,0.584835665610101,0.220209013779194,0.402522339694647
0.84,0.572527124594923,0.2251008319823,0.398813978288612
0.85,0.560455802522908,0.229939637987856,0.395197720255382
0.86,0.548622021105869,0.234720717292384,0.391671369199127
0.87,0.537025567914762,0.239439552074036,0.388232559994399
0.88,0.525665748228361,0.244091828640153,0.384878788434257
0.89,0.51454143320417,0.248673443739622,0.381607438471896
0.9,0.503651104564441,0.253180509763093,0.378415807163767
0.91,0.492992895987239,0.257609358860699,0.375301127423969
0.92,0.482564631389562,0.261956546012103,0.372260588700833
0.93,0.472363860283888,0.266218851088663,0.369291355686275
0.94,0.462387890384317,0.27039327995156,0.366390585167938
0.95,0.452633817632393,0.274477064633349,0.363555441132871
0.96,0.443098553806322,0.278467662653041,0.360783108229681
0.97,0.433778851869297,0.282362755517258,0.358070803693277
0.98,0.424671329207474,0.286160246461438,0.355415787834456
0.99,0.415772488898798,0.289858257486454,0.352815373192626
1,0.407078739148762,0.293455125746211,0.350266932447487
1.01,0.39858641102016,0.296949399342351,0.347767905181255
1.02,0.390291774578741,0.300339832581536,0.345315803580138
1.03,0.382191053568134,0.303625380750214,0.342908217159174
1.04,0.374280438722058,0.30680519446079,0.340542816591424
1.05,0.366556099814667,0.309878613621672,0.338217356718169
1.06,0.359014196543852,0.312845161082013,0.335929678812932
1.07,0.35165088833631,0.315704536000328,0.333677712168319
1.08,0.344462343157919,0.318456606983777,0.331459475070848
1.09,0.337444745406735,0.321101405043099,0.329273075224917
1.1,0.330594302961622,0.32363911640553,0.327116709683576
1.11,0.323907253453663,0.326070075225825,0.324988664339744
1.12,0.317379869824195,0.328394756232896,0.322887313028546
1.13,0.311008465227187,0.330613767347227,0.320811116287207
1.14,0.30478939733128,0.332727842301465,0.318758619816372
1.15,0.298719072071755,0.334737833294298,0.316728452683027
1.16,0.292793946899345,0.336644703704967,0.314719325302156
1.17,0.287010533569679,0.338449520893724,0.312730027231701
1.18,0.28136540051352,0.340153449110557,0.310759424812038
1.19,0.275855174825132,0.341757742532824,0.308806458678978
1.2,0.270476543903286,0.343263738449544,0.306870141176415
1.21,0.265226256776827,0.344672850608641,0.304949553692734
1.22,0.26010112514414,0.345986562740685,0.303043843942412
1.23,0.255098024153606,0.34720642227117,0.301152223212388
1.24,0.250213892950299,0.348334034231448,0.299273963590873
1.25,0.245445735011537,0.349371055376491,0.297408395194014
1.26,0.240790618292803,0.350319188516257,0.29555490340453
1.27,0.236245675203452,0.351180177065762,0.293712926134607
1.28,0.231808102429835,0.351955799817734,0.291881951123784
1.29,0.227475160622652,0.352647865940009,0.290061513281331
1.3,0.223244173963178,0.353258210199255,0.288251192081217
1.31,0.219112529622489,0.353788688410874,0.286450609016681
1.32,0.215077677126045,0.35424117311445,0.284659425120247
1.33,0.211137127635299,0.354617549472811,0.282877338554055
1.34,0.207288453156908,0.354919711392274,0.281104082274591
1.35,0.203529285688957,0.355149557860748,0.279339421774852
1.36,0.199857316313211,0.35530898949978,0.277583152906495
1.37,0.196270294241234,0.355399905326058,0.275835099783646
1.38,0.192766025821595,0.355424199717451,0.274095112769523
1.39,0.18934237351485,0.355383759578188,0.272363066546519
1.4,0.185997254842235,0.355280461697531,0.270638858269883
1.41,0.18272864131344,0.355116170295772,0.268922405804606
1.42,0.179534557338372,0.354892734751533,0.267213646044953
1.43,0.176413079127354,0.354611987503828,0.265512533315591
1.44,0.173362333583702,0.354275742122335,0.263819037853018
1.45,0.170380497192185,0.353885791539299,0.262133144365742
1.46,0.16746579490675,0.353443906436379,0.260454850671565
1.47,0.164616499040106,0.352951833779603,0.258784166409854
1.48,0.161830928157985,0.352411295496026,0.257121111827006
1.49,0.159107445980165,0.351823987285107,0.255465716632636
1.5,0.156444460290352,0.351191577558512,0.253818018924432
1.51,0.153840421856655,0.350515706501728,0.252178064179192
1.52,0.151293823364205,0.349797985251191,0.250545904307698
1.53,0.148803198361298,0.349039995180604,0.248921596770951
1.54,0.146367120220289,0.34824328729051,0.247305203755399
1.55,0.14398420111407,0.347409381694987,0.245696791404529
1.56,0.141653091009246,0.346539767199938,0.244096429104592
1.57,0.139372476676516,0.34563590096713,0.242504188821823
1.58,0.137141080719044,0.344699208258828,0.240920144488936
1.59,0.134957660619174,0.34373108225757,0.239344371438372
1.6,0.132821007803979,0.342732883956273,0.237776945880126
1.61,0.130729946729926,0.341705942113606,0.236217944421766
1.62,0.128683333986851,0.340651553270254,0.234667443628552
1.63,0.126680057421425,0.339570981821311,0.233125519621368
1.64,0.124719035280198,0.338465460140877,0.231592247710538
1.65,0.122799215372232,0.33733618875453,0.230067702063381
1.66,0.120919574251269,0.336184336555934,0.228551955403602
1.67,0.119079116417478,0.335011041063886,0.227045078740682
1.68,0.117276873538468,0.333817408716275,0.225547141127371
1.69,0.115511903689585,0.332604515197621,0.224058209443603
1.7,0.113783290613251,0.331373405797089,0.22257834820517
1.71,0.11209014299709,0.330125095793929,0.221107619395509
1.72,0.110431593770665,0.328860570867607,0.219646082319136
1.73,0.108806799420531,0.327580787529939,0.218193793475235
1.74,0.107214939323311,0.326286673576702,0.216750806450007
1.75,0.10565521509655,0.324979128556381,0.215317171826465
1.76,0.104126849966977,0.323659024253948,0.213892937110463
1.77,0.102629088155897,0.322327205187402,0.21247814667165
1.78,0.101161194281388,0.32098448911535,0.211072841698369
1.79,0.0997224527769186,0.319631667553648,0.209677060165283
1.8,0.0983121673260929,0.318269506299566,0.208290836812829
1.81,0.0969296603131562,0.316898745961777,0.206914203137466
1.82,0.0955742722889289,0.315520102494744,0.205547187391836
1.83,0.0942453614517734,0.314134267736283,0.204189814594028
1.84,0.0929423031433099,0.312741909946797,0.202842106545053
1.85,0.0916644893584738,0.311343674349258,0.201504081853866
1.86,0.0904113282695832,0.309940183668758,0.200175755969171
1.87,0.0891822437640969,0.308532038670599,0.198857141217348
1.88,0.0879766749956964,0.3071198186962,0.197548246845948
1.89,0.0867940759482968,0.30570408219578,0.196249079072039
1.9,0.0856339150127697,0.304285367257201,0.194959641134986
1.91,0.0844956745759636,0.302864192130278,0.193679933353121
1.92,0.0833788506216769,0.301441055745848,0.192409953183763
1.93,0.0822829523433262,0.300016438229195,0.19114969528626
1.94,0.0812075017679709,0.29859080140713,0.189899151587551
1.95,0.0801520333913149,0.297164589308429,0.188658311349872
1.96,0.0791160938235055,0.295738228657213,0.187427161240359
1.97,0.0780992414453263,0.294312129358834,0.18620568540208
1.98,0.0771010460745209,0.292886684978009,0.184993865526265
1.99,0.0761210886419881,0.291462273208976,0.183791680925482
2,0.075158960877513,0.290039256337344,0.182599108607428
2.01,0.0742142650048242,0.288617981693532,0.181416123349178
2.02,0.0732866134456487,0.28719878209759,0.180242697771619
2.03,0.0723756285325351,0.285781976295237,0.179078802413886
2.04,0.0714809422301948,0.284367869385131,0.177924405807663
2.05,0.0706021958650777,0.282956753237095,0.176779474551087
2.06,0.0697390398629911,0.281548906901497,0.175643973382244
2.07,0.0688911334944509,0.280144597009492,0.174517865251971
2.08,0.0680581446276284,0.278744078164315,0.173401111395972
2.09,0.067239749488592,0.277347593323507,0.17229367140605
2.1,0.0664356324286391,0.27595537417222,0.17119550330043
2.11,0.0656454856985533,0.274567641487435,0.170106563592994
2.12,0.0648690092295117,0.273184605493419,0.169026807361466
2.13,0.0641059104204956,0.271806466208239,0.167956188314367
2.14,0.0633559039319821,0.270433413781576,0.166894658856779
2.15,0.0626187114857225,0.269065628823848,0.165842170154785
2.16,0.0618940616704446,0.267703282726755,0.1647986721986
2.17,0.0611816897532879,0.266346537975365,0.163764113864326
2.18,0.0604813374967894,0.264995548451868,0.162738442974329
2.19,0.0597927529812812,0.263650459731046,0.161721606356164
2.2,0.0591156904324699,0.262311409367698,0.160713549900084
2.21,0.0584499100541411,0.260978527176058,0.159714218615099
2.22,0.0577951778657205,0.259651935501383,0.158723556683552
2.23,0.057151265544652,0.258331749483826,0.157741507514239
2.24,0.0565179502733361,0.257018077314811,0.156768013794074
2.25,0.0558950145905939,0.255711020485907,0.15580301753825
2.26,0.0552822462474431,0.254410674030533,0.154846460138988
2.27,0.0546794380670869,0.253117126758483,0.153898282412785
2.28,0.0540863878089935,0.251830461483538,0.152958424646266
2.29,0.0535028980369026,0.25055075524419,0.152026826640546
2.3,0.0529287759906974,0.249278079517825,0.151103427754261
2.31,0.0523638334619693,0.248012500428255,0.150188166945112
2.32,0.0518078866731861,0.24675407894701,0.149280982810098
2.33,0.0512607561603844,0.245502871088346,0.148381813624365
2.34,0.0507222666591895,0.244258928098237,0.147490597378713
2.35,0.0501922469941734,0.243022296637409,0.146607271815791
2.36,0.049670529971378,0.241793018958687,0.145731774465033
2.37,0.0491569522738918,0.240571133078634,0.144864042676263
2.38,0.0486513543604764,0.239356672943783,0.14400401365213
2.39,0.0481535803670492,0.238149668591505,0.143151624479277
2.4,0.0476634780109887,0.236950146305712,0.14230681215835
2.41,0.0471808984981791,0.235758128767474,0.141469513632827
2.42,0.0467056964326883,0.234573635200754,0.140639665816721
2.43,0.0462377297290124,0.233396681513333,0.139817205621173
2.44,0.0457768595268003,0.232227280433128,0.139002069979964
2.45,0.0453229501080034,0.231065441639928,0.138194195873966
2.46,0.0448758688163607,0.229911171892813,0.137393520354587
2.47,0.044435485979126,0.228764475153229,0.136599980566178
2.48,0.0440016748310405,0.227625352703977,0.135813513767509
2.49,0.0435743114404002,0.226493803264171,0.135034057352286
2.5,0.0431532746372037,0.22536982310023,0.134261548868717
2.51,0.0427384459433152,0.224253406133164,0.133495926038239
2.52,0.0423297095045633,0.223144544042125,0.132737126773344
2.53,0.0419269520247381,0.222043226364371,0.131985089194554
2.54,0.0415300627014015,0.220949440591847,0.131239751646624
2.55,0.0411389331635072,0.219863172264318,0.130501052713913
2.56,0.0407534574107073,0.218784405059284,0.129768931234995
2.57,0.0403735317543555,0.217713120878759,0.129043326316557
2.58,0.0399990547601369,0.216649299932943,0.12832417734654
2.59,0.0396299271922447,0.21559292082097,0.127611424006607
2.6,0.0392660519591262,0.214543960608772,0.126905006283949
2.61,0.0389073340606699,0.213502394904131,0.1262048644824
2.62,0.0385536805368618,0.212468197929089,0.125510939232975
2.63,0.0382050004178282,0.211441342589703,0.124823171503766
2.64,0.0378612046752295,0.210421800543297,0.124141502609263
2.65,0.0375222061749786,0.209409542263252,0.123465874219115
2.66,0.0371879196312319,0.208404537101448,0.12279622836634
2.67,0.0368582615616211,0.207406753348391,0.122132507455006
2.68,0.0365331502436852,0.206416158291139,0.121474654267412
2.69,0.0362125056724795,0.205432718269082,0.120822611970781
2.7,0.0358962495193094,0.204456398727636,0.120176324123473
2.71,0.0355843050915753,0.203487164269935,0.119535734680755
2.72,0.0352765972936776,0.202524978706579,0.118900788000128
2.73,0.034973052588965,0.201569805103518,0.118271428846242
2.74,0.0346735989627,0.200621605828114,0.117647602395407
2.75,0.0343781658859804,0.199680342593415,0.117029254239698
2.76,0.0340866842806372,0.198745976500787,0.116416330390712
2.77,0.0337990864850481,0.197818468080884,0.115808777282966
2.78,0.0335153062208405,0.196897777333013,0.115206541776927
2.79,0.0332352785604759,0.195983863762998,0.114609571161737
2.8,0.0329589398956782,0.195076686419544,0.114017813157611
2.81,0.0326862279066834,0.194176203929195,0.113431215917939
2.82,0.0324170815322913,0.19328237452988,0.112849728031086
2.83,0.0321514409406981,0.192395156103147,0.112273298521922
2.84,0.0318892475010603,0.191514506205108,0.111701876853084
2.85,0.0316304437558351,0.190640382096134,0.111135412925985
2.86,0.0313749733937946,0.189772740769356,0.110573857081575
2.87,0.0311227812237405,0.188911538978006,0.110017160100873
2.88,0.0308738131489149,0.188056733261628,0.109465273205271
2.89,0.0306280161420401,0.187208279971218,0.108918148056629
2.9,0.0303853382209933,0.186366135293332,0.108375736757163
2.91,0.0301457284251338,0.185530255273177,0.107837991849155
2.92,0.0299091367921832,0.184700595836711,0.107304866314447
2.93,0.0296755143357275,0.183877112811857,0.106776313573792
2.94,0.0294448130232688,0.183059761948771,0.10625228748602
2.95,0.029216985754836,0.182248498939237,0.105732742347037
2.96,0.0289919863421309,0.181443279435276,0.105217632888704
2.97,0.0287697694881991,0.18064405906686,0.104706914277529
2.98,0.0285502907675982,0.179850793458919,0.104200542113258
2.99,0.0283335066070823,0.179063438247564,0.103698472427323
3,0.0281193742667451,0.178281949095559,0.103200661681152
3.01,0.0279078518216394,0.177506281707156,0.102707066764398
3.02,0.0276988981438533,0.176736391842186,0.10221764499302
3.03,0.027492472885029,0.175972235329553,0.101732354107291
3.04,0.0272885364592999,0.175213768080061,0.10125115226968
3.05,0.0270870500266677,0.174460946098658,0.100773998062663
3.06,0.026887975476772,0.17371372549611,0.100300850486441
3.07,0.0266912754130536,0.172972062500089,0.0998316689565714
3.08,0.0264969131373193,0.172235913465717,0.099366413301518
3.09,0.0263048526346638,0.17150523488563,0.0989050437601468
3.1,0.0261150585587743,0.170779983399506,0.09844752097914
3.11,0.0259274962175759,0.170060115803105,0.0979938060103405
3.12,0.0257421315592345,0.169345589056881,0.097543860308058
3.13,0.0255589311584864,0.16863636029412,0.0970976457263032
3.14,0.0253778622033079,0.167932386828651,0.0966551245159793
3.15,0.0251988924818939,0.167233626162146,0.0962162593220199
3.16,0.025021990369956,0.16654003599102,0.0957810131804882
3.17,0.0248471248183077,0.165851574212969,0.0953493495156382
3.18,0.0246742653407675,0.165168198933093,0.0949212321369305
3.19,0.0245033820023339,0.164489868469707,0.0944966252360203
3.2,0.0243344454076429,0.163816541359804,0.0940754933837235
3.21,0.0241674266896954,0.163148176364162,0.0936578015269287
3.22,0.0240022974988505,0.162484732472178,0.0932435149855145
3.23,0.023839029992091,0.161826168906363,0.0928325994492272
3.24,0.0236775968225168,0.161172445126576,0.0924250209745464
3.25,0.0235179711290989,0.160523520833939,0.0920207459815187
3.26,0.0233601265266682,0.159879355974545,0.0916197412506066
3.27,0.0232040370961383,0.159239910742831,0.0912219739194847
3.28,0.0230496773749541,0.158605145584771,0.0908274114798624
3.29,0.0228970223477589,0.157975021200791,0.0904360217742748
3.3,0.0227460474372812,0.157349498548484,0.0900477729928824
3.31,0.0225967284954269,0.156728538845064,0.0896626336702455
3.32,0.0224490417945778,0.15611210356966,0.0892805726821187
3.33,0.0223029640190929,0.155500154465376,0.0889015592422343
3.34,0.0221584722569967,0.154892653541155,0.0885255628990756
3.35,0.0220155439918588,0.154289563073497,0.088152553532678
3.36,0.0218741570948664,0.153690845607932,0.0877825013513994
3.37,0.0217342898170608,0.153096463960403,0.0874153768887319
3.38,0.0215959207817636,0.152506381218417,0.0870511510000903
3.39,0.0214590289771731,0.151920560742069,0.0866897948596212
3.4,0.0213235937491092,0.151338966164922,0.0863312799570156
3.41,0.0211895947939447,0.150761561394741,0.085975578094343
3.42,0.0210570121516847,0.150188310614076,0.0856226613828801
3.43,0.0209258261991957,0.149619178280719,0.0852725022399575
3.44,0.0207960176435889,0.149054129128048,0.0849250733858183
3.45,0.0206675675157631,0.148493128165245,0.0845803478405038
3.46,0.0205404571640643,0.147936140677391,0.0842382989207278
3.47,0.020414668248111,0.147383132225452,0.0838989002367817
3.48,0.0202901827327407,0.146834068646181,0.0835621256894608
3.49,0.020166982882098,0.146288916051899,0.0832279494669984
3.5,0.0200450512538455,0.145747640830174,0.0828963460420096
3.51,0.0199243706935043,0.145210209643442,0.0825672901684729
3.52,0.0198049243289199,0.144676589428512,0.0822407568787159
3.53,0.0196866955648486,0.144146747395997,0.0819167214804227
3.54,0.0195696680776559,0.143620651029679,0.0815951595536673
3.55,0.0194538258101395,0.143098268085768,0.0812760469479536
3.56,0.0193391529664526,0.142579566592131,0.0809593597792919
3.57,0.0192256340071483,0.142064514847421,0.0806450744272847
3.58,0.0191132536443227,0.141553081420161,0.0803331675322419
3.59,0.0190019968368645,0.141045235147746,0.0800236159923054
3.6,0.018891848785809,0.14054094513542,0.0797163969606147
3.61,0.0187827949297842,0.140040180755159,0.0794114878424718
3.62,0.0186748209405659,0.139542911644546,0.079108866292556
3.63,0.0185679127187157,0.139049107705559,0.0788085102121371
3.64,0.018462056389313,0.138558739103318,0.0785103977463156
3.65,0.018357238297787,0.138071776264819,0.0782145072813029
3.66,0.0182534450058263,0.137588189877594,0.0779208174417103
3.67,0.018150663287378,0.137107950888338,0.0776293070878582
3.68,0.0180488801247324,0.13663103050152,0.0773399553131263
3.69,0.0179480827046888,0.136157400177931,0.0770527414413099
3.7,0.0178482584147957,0.135687031633216,0.076767645024006
3.71,0.017749394839684,0.135219896836381,0.0764846458380324
3.72,0.0176514797574616,0.134755968008248,0.076203723882855
3.73,0.0175545011361862,0.134295217619922,0.0759248593780543
3.74,0.0174584471304208,0.133837618391191,0.0756480327608057
3.75,0.0173633060778444,0.133383143288928,0.0753732246833864
3.76,0.0172690664959472,0.132931765525473,0.0751004160107099
3.77,0.0171757170787858,0.132483458556979,0.0748295878178825
3.78,0.0170832466938064,0.132038196081769,0.0745607213877877
3.79,0.0169916443787298,0.131595952038636,0.0742937982086828
3.8,0.0169008993385141,0.13115670060516,0.0740287999718371
3.81,0.0168110009423544,0.130720416196004,0.0737657085691792
3.82,0.0167219387207681,0.130287073461182,0.0735045060909749
3.83,0.0166337023627254,0.129856647284348,0.0732451748235366
3.84,0.0165462817128389,0.129429112781031,0.072987697246935
3.85,0.0164596667686187,0.129004445296903,0.0727320560327608
3.86,0.0163738476777658,0.128582620406018,0.0724782340418917
3.87,0.0162888147355413,0.128163613909046,0.0722262143222937
3.88,0.0162045583821697,0.127747401831491,0.0719759801068302
3.89,0.0161210692003033,0.127333960421941,0.071727514811122
3.9,0.0160383379125379,0.126923266150264,0.0714808020314008
3.91,0.0159563553789738,0.126515295705842,0.0712358255424081
3.92,0.0158751125948229,0.126110025995779,0.0709925692953009
3.93,0.015794600688074,0.125707434143121,0.0707510174155977
3.94,0.0157148109171922,0.125307497485066,0.0705111542011293
3.95,0.0156357346688708,0.124910193571172,0.0702729641200213
3.96,0.0155573634558227,0.124515500161589,0.0700364318087058
3.97,0.0154796889146232,0.124123395225255,0.0698015420699392
3.98,0.0154027028035806,0.123733856938134,0.0695682798708573
3.99,0.0153263970006661,0.12334686368142,0.0693366303410432
4,0.0152507635014682,0.122962394039772,0.0691065787706199
4.01,0.015175794417198,0.122580426799537,0.0688781106083674
4.02,0.0151014819727258,0.122200940946981,0.0686512114598534
4.03,0.0150278185046642,0.121823915666539,0.0684258670856018
4.04,0.0149547964594728,0.12144933033904,0.0682020633992562
4.05,0.0148824083916187,0.121077164539973,0.0679797864657959
4.06,0.0148106469617572,0.120707398037725,0.0677590224997412
4.07,0.0147395049349571,0.120340010791856,0.0675397578634064
4.08,0.0146689751789517,0.119974982951365,0.0673219790651581
4.09,0.0145990506624312,0.119612294852957,0.067105672757694
4.1,0.0145297244533587,0.119251927019335,0.0668908257363471
4.11,0.0144609897173282,0.118893860157494,0.066677424937411
4.12,0.0143928397159457,0.118538075157013,0.0664654574364794
4.13,0.0143252678052461,0.118184553088367,0.0662549104468063
4.14,0.0142582674341333,0.117833275201251,0.066045771317692
4.15,0.014191832142858,0.117484222922892,0.0658380275328752
4.16,0.0141259555615196,0.117137377856406,0.0656316667089628
4.17,0.0140606314085947,0.116792721779121,0.0654266765938577
4.18,0.0139958534894969,0.116450236640949,0.0652230450652228
4.19,0.0139316156951603,0.116109904562749,0.0650207601289545
4.2,0.0138679120006502,0.115771707834693,0.0648198099176717
4.21,0.0138047364638006,0.115435628914675,0.0646201826892376
4.22,0.0137420832238778,0.115101650426677,0.0644218668252773
4.23,0.0136799465002662,0.114769755159205,0.0642248508297355
4.24,0.0136183205911749,0.114439926063687,0.0640291233274308
4.25,0.0135571998723798,0.114112146252919,0.0638346730626495
4.26,0.0134965787959774,0.113786398999494,0.0636414888977359
4.27,0.0134364518891654,0.113462667734262,0.0634495598117137
4.28,0.0133768137530461,0.113140936044786,0.0632588748989161
4.29,0.0133176590614503,0.112821187673827,0.0630694233676387
4.3,0.0132589825597873,0.112503406517813,0.0628811945388003
4.31,0.013200779063905,0.112187576625358,0.0626941778446314
4.32,0.0131430434589848,0.11187368219575,0.0625083628273676
4.33,0.0130857706984438,0.111561707577501,0.0623237391379725
4.34,0.0130289558028645,0.111251637266844,0.0621402965348541
4.35,0.0129725938589419,0.110943455906304,0.0619580248826228
4.36,0.012916680018447,0.11063714828325,0.0617769141508487
4.37,0.012861209497213,0.11033269932845,0.0615969544128315
4.38,0.0128061775741344,0.110030094114667,0.0614181358444005
4.39,0.0127515795901929,0.109729317855248,0.0612404487227204
4.4,0.0126974109474872,0.109430355902719,0.0610638834251029
4.41,0.0126436671082926,0.109133193747407,0.0608884304278498
4.42,0.0125903435941322,0.108837817016072,0.0607140803051023
4.43,0.0125374359848612,0.108544211470543,0.0605408237277021
4.44,0.0124849399177738,0.108252363006365,0.0603686514620694
4.45,0.0124328510867205,0.107962257651466,0.0601975543690932
4.46,0.0123811652412457,0.107673881564836,0.0600275234030408
4.47,0.0123298781857347,0.107387221035212,0.0598585496104732
4.48,0.0122789857785813,0.107102262479776,0.0596906241291787
4.49,0.0122284839313665,0.10681899244286,0.0595237381871132
4.5,0.0121783686080505,0.106537397594683,0.059357883101367
4.51,0.0121286358241821,0.106257464730076,0.0591930502771288
4.52,0.0120792816461222,0.105979180767221,0.0590292312066715
4.53,0.0120303021902746,0.105702532746426,0.0588664174683502
4.54,0.0119816936223374,0.105427507828883,0.0587046007256103
4.55,0.011933452156563,0.105154093295445,0.0585437727260042
4.56,0.0118855740550309,0.104882276545431,0.058383925300231
4.57,0.0118380556269382,0.10461204509542,0.0582250503611791
4.58,0.0117908932278902,0.10434338657807,0.0580671399029801
4.59,0.0117440832592201,0.104076288740943,0.0579101860000814
4.6,0.011697622167304,0.103810739445343,0.0577541808063234
4.61,0.0116515064428984,0.103546726665166,0.0575991165540321
4.62,0.0116057326204845,0.103284238485762,0.0574449855531233
4.63,0.011560297277624,0.1030232631028,0.0572917801902122
4.64,0.0115151970343239,0.102763788821158,0.057139492927741
4.65,0.0114704285524206,0.10250580405381,0.0569881163031154
4.66,0.0114259885349597,0.102249297320735,0.0568376429278474
4.67,0.0113818737256011,0.101994257247827,0.0566880654867141
4.68,0.0113380809080236,0.10174067256583,0.056539376736927
4.69,0.0112946069053452,0.101488532109262,0.0563915695073035
4.7,0.0112514485795501,0.10123782481537,0.0562446366974599
4.71,0.011208602830927,0.100988539723086,0.0560985712770063
4.72,0.0111660665975154,0.100740665971999,0.055953366284757
4.73,0.0111238368545618,0.100494192801324,0.0558090148279427
4.74,0.0110819106139856,0.100249109548899,0.0556655100814423
4.75,0.0110402849238514,0.100005405650187,0.055522845287019
4.76,0.0109989568678528,0.0997630706372687,0.0553810137525608
4.77,0.0109579235648042,0.0995220941378804,0.0552400088513423
4.78,0.0109171821681385,0.0992824658744346,0.0550998240212865
4.79,0.0108767298654147,0.0990441756630624,0.0549604527642385
4.8,0.0108365638778352,0.0988072134126564,0.0548218886452458
4.81,0.0107966814597684,0.0985715691239365,0.0546841252918525
4.82,0.0107570798982796,0.0983372328885163,0.054547156393398
4.83,0.0107177565126705,0.0981041948879785,0.0544109757003245
4.84,0.0106787086540252,0.0978724453929672,0.0542755770234962
4.85,0.0106399337047654,0.0976419747622796,0.0541409542335225
4.86,0.0106014290782084,0.097412773441978,0.0540071012600932
4.87,0.010563192218137,0.0971848319645038,0.0538740120913204
4.88,0.0105252205983756,0.0969581409478008,0.0537416807730882
4.89,0.0104875117223686,0.0967326910944469,0.0536101014084077
4.9,0.0104500631227716,0.0965084731908048,0.0534792681567882
4.91,0.0104128723610457,0.0962854781061654,0.0533491752336055
4.92,0.0103759370270589,0.096063696791917,0.0532198169094879
4.93,0.0103392547386928,0.0958431202807109,0.0530911875097019
4.94,0.0103028231414588,0.0956237396856358,0.0529632814135473
4.95,0.010266639908117,0.0954055461994123,0.0528360930537647
4.96,0.010230702738301,0.0951885310935855,0.0527096169159432
4.97,0.0101950093581521,0.0949726857177277,0.0525838475379399
4.98,0.0101595575199568,0.0947580014986516,0.0524587795093042
4.99,0.0101243450017904,0.0945444699396319,0.0523344074707111
5,0.0100893696071631,0.0943320826196345,0.0522107261133988
5.01,0.0100546291646797,0.0941208311925525,0.0520877301786161
5.02,0.010020121527696,0.0939107073864544,0.0519654144570752
5.03,0.00998584457398502,0.0937017030028267,0.0518437737884059
5.04,0.00995179620540683,0.093493809915854,0.0517228030606304
5.05,0.00991797434758759,0.0932870200716745,0.0516024972096311
5.06,0.00988437694959335,0.0930813254876533,0.0514828512186233
5.07,0.00985100198362396,0.0928767182516811,0.0513638601176525
5.08,0.00981784744469694,0.0926731905214528,0.0512455189830749
5.09,0.00978491135034494,0.0924707345237752,0.0511278229370601
5.1,0.0097521917403176,0.0922693425538747,0.0510107671470962
5.11,0.00971968667628172,0.0920690069747005,0.0508943468254911
5.12,0.00968739424153592,0.0918697202162617,0.0507785572288988
5.13,0.00965531254071773,0.0916714747749421,0.0506633936578299
5.14,0.00962343969952697,0.0914742632128521,0.0505488514561895
5.15,0.00959177386444511,0.091278078157155,0.0504349260108001
5.16,0.00956031320246106,0.0910829122994314,0.0503216127509462
5.17,0.0095290559008034,0.0908887583950223,0.0502089071479129
5.18,0.00949800016667479,0.0906956092624125,0.0500968047145436
5.19,0.0094671442269892,0.0905034577825773,0.0499853010047832
5.2,0.00943648632811547,0.0903122968983842,0.0498743916132498
5.21,0.00940602473562442,0.0901221196139566,0.0497640721747905
5.22,0.00937575773403619,0.0899329189940807,0.0496543383640585
5.23,0.00934568362657776,0.0897446881635915,0.0495451858950846
5.24,0.00931580073493893,0.0895574203067814,0.0494366105208602
5.25,0.00928610739903251,0.0893711086668132,0.0493286080329228
5.26,0.00925660197676163,0.0891857465451299,0.0492211742609458
5.27,0.00922728284378502,0.0890013273008817,0.0491143050723334
5.28,0.00919814839329251,0.0888178443503562,0.0490079963718243
5.29,0.00916919703577493,0.0886352911664091,0.048902244101092
5.3,0.00914042719880908,0.0884536612779049,0.048797044238357
5.31,0.00911183732683397,0.0882729482691725,0.0486923927980032
5.32,0.00908342588093817,0.0880931457794491,0.0485882858301937
5.33,0.00905519133864741,0.087914247502342,0.0484847194204947
5.34,0.00902713219371598,0.0877362471852941,0.048381689689505
5.35,0.00899924695592148,0.087559138629054,0.0482791927924877
5.36,0.00897153415086072,0.0873829156871483,0.0481772249190045
5.37,0.00894399231975054,0.0872075722653718,0.0480757822925612
5.38,0.00891662001923293,0.0870331023212637,0.0479748611702483
5.39,0.00888941582117673,0.0868594998636118,0.0478744578423943
5.4,0.00886237831249159,0.0866867589519432,0.0477745686322174
5.41,0.00883550609493349,0.086514873696027,0.0476751898954802
5.42,0.00880879778492646,0.0863438382553838,0.0475763180201551
5.43,0.00878225201337164,0.0861736468388102,0.0474779494260909
5.44,0.00875586742547477,0.0860042937038808,0.0473800805646778
5.45,0.00872964268056048,0.0858357731564828,0.0472827079185216
5.46,0.00870357645190386,0.0856680795503489,0.0471858280011264
5.47,0.00867766742655432,0.0855012072865775,0.0470894373565659
5.48,0.00865191430516433,0.0853351508131917,0.046993532559178
5.49,0.0086263158018244,0.0851699046246645,0.0468981102132445
5.5,0.00860087064389685,0.0850054632614818,0.0468031669526893
5.51,0.00857557757185034,0.0848418213096911,0.0467086994407707
5.52,0.00855043533910318,0.0846789734004569,0.0466147043697801
5.53,0.00852544271186051,0.0845169142096319,0.0465211784607462
5.54,0.00850059846896186,0.0843556384573211,0.0464281184631415
5.55,0.00847590140172372,0.0841951409074534,0.0463355211545885
5.56,0.00845135031379029,0.0840354163673592,0.0462433833405748
5.57,0.0084269440209825,0.0838764596873538,0.0461517018541681
5.58,0.00840268135114985,0.083718265760327,0.0460604735557384
5.59,0.00837856114402722,0.0835608295213222,0.0459696953326747
5.6,0.00835458225108722,0.0834041459471463,0.0458793640991167
5.61,0.00833074353540227,0.0832482100559561,0.0457894767956792
5.62,0.00830704387150279,0.0830930169068727,0.0457000303891877
5.63,0.00828348214524342,0.0829385615995774,0.0456110218724104
5.64,0.0082600572536604,0.08278483927394,0.0455224482638002
5.65,0.00823676810484296,0.0826318451096136,0.0454343066072283
5.66,0.00821361361780155,0.0824795743256747,0.0453465939717381
5.67,0.00819059272233444,0.0823280221802363,0.0452593074512854
5.68,0.00816770435890144,0.0821771839700779,0.0451724441644897
5.69,0.00814494747849717,0.0820270550302792,0.0450860012543882
5.7,0.00812232104252521,0.0818776307338543,0.0449999758881898
5.71,0.00809982402267561,0.0817289064913911,0.0449143652570334
5.72,0.00807745540080359,0.081580877750698,0.0448291665757508
5.73,0.00805521416880925,0.0814335399964501,0.0447443770826297
5.74,0.00803309932851938,0.0812868887498377,0.0446599940391785
5.75,0.0080111098915716,0.0811409195682242,0.0445760147298979
5.76,0.00798924487929801,0.0809956280447988,0.0444924364620484
5.77,0.00796750332261248,0.080851009808249,0.0444092565654307
5.78,0.00794588426189933,0.0807070605224165,0.0443264723921579
5.79,0.00792438674690181,0.0805637758859695,0.0442440813164357
5.8,0.00790300983661363,0.0804211516320763,0.044162080734345
5.81,0.00788175259917203,0.0802791835280794,0.0440804680636257
5.82,0.00786061411174974,0.0801378673751775,0.0439992407434636
5.83,0.00783959346045438,0.0799971990081049,0.0439183962342796
5.84,0.00781868974022036,0.0798571742948206,0.0438379320175205
5.85,0.00779790205471153,0.0797177891361946,0.0437578455954531
5.86,0.0077772295162168,0.0795790394657022,0.0436781344909595
5.87,0.00775667124555371,0.0794409212491218,0.0435987962473377
5.88,0.0077362263719706,0.0793034304842301,0.0435198284281004
5.89,0.00771589403304812,0.0791665632005059,0.043441228616777
5.9,0.00769567337460518,0.0790303154588365,0.0433629944167208
5.91,0.00767556355060636,0.0788946833512247,0.0432851234509155
5.92,0.00765556372306559,0.0787596630004976,0.0432076133617816
5.93,0.00763567306195913,0.0786252505600257,0.0431304618109924
5.94,0.00761589074513127,0.0784914422134411,0.0430536664792862
5.95,0.00759621595820788,0.07835823417435,0.0429772250662789
5.96,0.0075766478945071,0.0782256226860609,0.042901135290284
5.97,0.00755718575495262,0.0780936040213136,0.0428253948881331
5.98,0.00753782874798853,0.0779621744820041,0.0427500016149963
5.99,0.00751857608949532,0.0778313303989147,0.042674953244205
6,0.0074994270027046,0.0777010681314527,0.0426002475670787
